{
    "products" :
    [
    {
        "id": 1,
        "category": "Skirt",
        "color": "Brown",
        "description": "Effortlessly chic with a relaxed fit.",
        "name": "Miss Glow and Simple",
        "price": 120000,
        "imageLink": "https://i.pinimg.com/564x/2e/05/b7/2e05b7b5c8704b9f5361c7487cbe44e9.jpg",
        "shipping": 60000,
        "size": "S"
    },
    {
        "id": 2,
        "category": "Dress",
        "color": "Pink",
        "description": "Soft, flowy, and endlessly flattering.",
        "name": "Double Booster",
        "price": 115000,
        "imageLink": "https://i.pinimg.com/564x/91/62/a7/9162a7e48f8dbffb67fb38c54f39004c.jpg",
        "shipping": 50000,
        "size": "S"
    },
    {
        "id": 3,
        "category": "Cardigan",
        "color": "Green",
        "description": "Perfect for layering with a cozy touch.",
        "name": "Dubai Sparks",
        "price": 130000,
        "imageLink": "https://i.pinimg.com/736x/17/8b/a5/178ba566e0cfb53e5c811bfa3e97aa9e.jpg",
        "shipping": 70000,
        "size": "S"
    },
    {
        "id": 4,
        "category": "Top",
        "color": "White",
        "description": "Clean, crisp, and easy to style.",
        "name": "London Hill",
        "price": 125000,
        "imageLink": "https://i.pinimg.com/564x/e7/9e/fc/e79efc3f66156da3d3342b56d6c170f6.jpg",
        "shipping": 65000,
        "size": "S"
    },
    {
        "id": 5,
        "category": "Corset",
        "color": "Red",
        "description": "Bold and beautiful with a perfect fit.",
        "name": "Broken Wings",
        "price": 110000,
        "imageLink": "https://i.pinimg.com/564x/f2/35/e0/f235e05ba67c5080d1d309535a6fee1d.jpg",
        "shipping": 55000,
        "size": "S"
    },
    {
        "id": 6,
        "category": "Mini Dress",
        "color": "Gray",
        "description": "Sleek, modern, and effortlessly stylish.",
        "name": "Moku Youbi",
        "price": 135000,
        "imageLink": "https://i.pinimg.com/564x/6a/d4/fb/6ad4fb732a2085e1fa5c2705ea371844.jpg",
        "shipping": 60000,
        "size": "S"
    },
    {
        "id": 7,
        "category": "Mini Dress",
        "color": "Green",
        "description": "Fresh and fun, perfect for any outing.",
        "name": "Clap on Okane",
        "price": 145000,
        "imageLink": "https://i.pinimg.com/564x/ac/4f/56/ac4f56aaf694dcbcb7f9aaa938309591.jpg",
        "shipping": 65000,
        "size": "S"
    },
    {
        "id": 8,
        "category": "Mini Dress",
        "color": "Maroon",
        "description": "Elegant and bold, a statement piece.",
        "name": "Subarashii Yabai",
        "price": 140000,
        "imageLink": "https://i.pinimg.com/736x/30/a4/bc/30a4bc14d6c6796b8458ff19671c8813.jpg",
        "shipping": 70000,
        "size": "S"
    },
    {
        "id": 9,
        "category": "Dress",
        "color": "Cream",
        "description": "Soft tones with a dreamy silhouette.",
        "name": "Pearly Bone",
        "price": 105000,
        "imageLink": "https://i.pinimg.com/564x/cd/86/d7/cd86d7a05974d020b1f1bb0fea5cee8c.jpg",
        "shipping": 50000,
        "size": "S"
    },
    {
        "id": 10,
        "category": "Dress",
        "color": "White",
        "description": "Pure elegance in every stitch.",
        "name": "Cute and Pure",
        "price": 130000,
        "imageLink": "https://i.pinimg.com/736x/63/69/69/6369699587d3aa4525dedfa301c97a4b.jpg",
        "shipping": 60000,
        "size": "S"
    },
    {
        "id": 11,
        "category": "Top",
        "color": "Blue",
        "description": "Bright and breezy, ideal for any day.",
        "name": "Blue Butterfly",
        "price": 125000,
        "imageLink": "https://i.pinimg.com/564x/8a/6d/e5/8a6de5a69378725d59e483eef3866f07.jpg",
        "shipping": 55000,
        "size": "S"
    },
    {
        "id": 12,
        "category": "Mini Dress",
        "color": "Pink",
        "description": "Fun and flirty, a pop of color for your wardrobe.",
        "name": "Pink Poppy",
        "price": 115000,
        "imageLink": "https://i.pinimg.com/736x/57/88/3a/57883a9dc79edf054c47a76ad46fb195.jpg",
        "shipping": 50000,
        "size": "S"
    },
    {
        "id": 13,
        "category": "T-Shirt",
        "color": "Black",
        "description": "Edgy, bold, and unapologetically cool.",
        "name": "Y2K on Fire",
        "price": 150000,
        "imageLink": "https://i.pinimg.com/564x/e0/fb/3a/e0fb3a561156ec36e53b3e03ea650480.jpg",
        "shipping": 75000,
        "size": "S"
    },
    {
        "id": 14,
        "category": "Dress",
        "color": "Beige",
        "description": "Elegant, bold, and unapologetically cool.",
        "name": "Kindly Princess",
        "price": 150000,
        "imageLink": "https://i.pinimg.com/564x/31/60/70/3160703f27effc77d6a41662798e5b58.jpg",
        "shipping": 75000,
        "size": "S"
    },
    {
        "id": 15,
        "category": "Skirt",
        "color": "Maroon",
        "description": "Loose, bold, and unapologetically cool.",
        "name": "Queen Bee",
        "price": 150000,
        "imageLink": "https://i.pinimg.com/564x/39/23/88/392388d5e35322cc49b15c1855d02df8.jpg",
        "shipping": 75000,
        "size": "S"
    },
    {
        "id": 16,
        "category": "Skirt",
        "color": "Gold",
        "description": "Egypt, bold, and unapologetically cool.",
        "name": "Cleopatra",
        "price": 150000,
        "imageLink": "https://i.pinimg.com/564x/19/cb/37/19cb37f01dda455710a332ca9d18d4af.jpg",
        "shipping": 75000,
        "size": "S"
    }
]
}